{"RollingMean_3": -0.04886666666666565, "RollingStd_3": 0.5347398464050853, "PrevDayChange": -0.0501, "Nakshatra_target_mean": 0.4791666666666667, "Tithi_target_mean": 0.46745562130177515, "Karna_target_mean": 0.4716981132075472, "Yoga_target_mean": 0.4634146341463415}